"REF_DATE","GEO","DGUID","Products and product groups","UOM","UOM_ID","SCALAR_FACTOR","SCALAR_ID","VECTOR","COORDINATE","VALUE","STATUS","SYMBOL","TERMINATED","DECIMALS"
"2023-12","Canada","2016A000011124","All-items","2002=100","17","units","0","v41690914","1.1","159.5","","","","1"
"2024-01","Canada","2016A000011124","All-items","2002=100","17","units","0","v41690914","1.1","159.3","","","","1"
"2024-02","Canada","2016A000011124","All-items","2002=100","17","units","0","v41690914","1.1","159.5","","","","1"
"2024-03","Canada","2016A000011124","All-items","2002=100","17","units","0","v41690914","1.1","159.9","","","","1"
"2024-04","Canada","2016A000011124","All-items","2002=100","17","units","0","v41690914","1.1","160.2","","","","1"
"2024-05","Canada","2016A000011124","All-items","2002=100","17","units","0","v41690914","1.1","160.6","","","","1"
"2024-06","Canada","2016A000011124","All-items","2002=100","17","units","0","v41690914","1.1","160.8","","","","1"
"2024-07","Canada","2016A000011124","All-items","2002=100","17","units","0","v41690914","1.1","161.2","","","","1"
"2024-08","Canada","2016A000011124","All-items","2002=100","17","units","0","v41690914","1.1","161.3","","","","1"
"2024-09","Canada","2016A000011124","All-items","2002=100","17","units","0","v41690914","1.1","161.3","","","","1"
"2024-10","Canada","2016A000011124","All-items","2002=100","17","units","0","v41690914","1.1","161.8","","","","1"
"2024-11","Canada","2016A000011124","All-items","2002=100","17","units","0","v41690914","1.1","162.0","","","","1"
"2024-12","Canada","2016A000011124","All-items","2002=100","17","units","0","v41690914","1.1","162.4","","","","1"
"2023-12","Canada","2016A000011124","Food","2002=100","17","units","0","v41690915","1.2","187.5","","","","1"
"2024-01","Canada","2016A000011124","Food","2002=100","17","units","0","v41690915","1.2","187.5","","","","1"
"2024-02","Canada","2016A000011124","Food","2002=100","17","units","0","v41690915","1.2","187.4","","","","1"
"2024-03","Canada","2016A000011124","Food","2002=100","17","units","0","v41690915","1.2","187.4","","","","1"
"2024-04","Canada","2016A000011124","Food","2002=100","17","units","0","v41690915","1.2","187.3","","","","1"
"2024-05","Canada","2016A000011124","Food","2002=100","17","units","0","v41690915","1.2","188.4","","","","1"
"2024-06","Canada","2016A000011124","Food","2002=100","17","units","0","v41690915","1.2","189.6","","","","1"
"2024-07","Canada","2016A000011124","Food","2002=100","17","units","0","v41690915","1.2","190.1","","","","1"
"2024-08","Canada","2016A000011124","Food","2002=100","17","units","0","v41690915","1.2","190.5","","","","1"
"2024-09","Canada","2016A000011124","Food","2002=100","17","units","0","v41690915","1.2","191.0","","","","1"
"2024-10","Canada","2016A000011124","Food","2002=100","17","units","0","v41690915","1.2","191.6","","","","1"
"2024-11","Canada","2016A000011124","Food","2002=100","17","units","0","v41690915","1.2","191.9","","","","1"
"2024-12","Canada","2016A000011124","Food","2002=100","17","units","0","v41690915","1.2","188.6","","","","1"
"2023-12","Canada","2016A000011124","Shelter","2002=100","17","units","0","v41690916","1.3","177.8","","","","1"
"2024-01","Canada","2016A000011124","Shelter","2002=100","17","units","0","v41690916","1.3","178.4","","","","1"
"2024-02","Canada","2016A000011124","Shelter","2002=100","17","units","0","v41690916","1.3","179.2","","","","1"
"2024-03","Canada","2016A000011124","Shelter","2002=100","17","units","0","v41690916","1.3","179.9","","","","1"
"2024-04","Canada","2016A000011124","Shelter","2002=100","17","units","0","v41690916","1.3","180.8","","","","1"
"2024-05","Canada","2016A000011124","Shelter","2002=100","17","units","0","v41690916","1.3","181.5","","","","1"
"2024-06","Canada","2016A000011124","Shelter","2002=100","17","units","0","v41690916","1.3","182.1","","","","1"
"2024-07","Canada","2016A000011124","Shelter","2002=100","17","units","0","v41690916","1.3","182.5","","","","1"
"2024-08","Canada","2016A000011124","Shelter","2002=100","17","units","0","v41690916","1.3","183.3","","","","1"
"2024-09","Canada","2016A000011124","Shelter","2002=100","17","units","0","v41690916","1.3","183.5","","","","1"
"2024-10","Canada","2016A000011124","Shelter","2002=100","17","units","0","v41690916","1.3","184.8","","","","1"
"2024-11","Canada","2016A000011124","Shelter","2002=100","17","units","0","v41690916","1.3","185.3","","","","1"
"2024-12","Canada","2016A000011124","Shelter","2002=100","17","units","0","v41690916","1.3","185.8","","","","1"
"2023-12","Canada","2016A000011124","Household operations, furnishings and equipment","2002=100","17","units","0","v41690917","1.4","130.9","","","","1"
"2024-01","Canada","2016A000011124","Household operations, furnishings and equipment","2002=100","17","units","0","v41690917","1.4","131.4","","","","1"
"2024-02","Canada","2016A000011124","Household operations, furnishings and equipment","2002=100","17","units","0","v41690917","1.4","130.8","","","","1"
"2024-03","Canada","2016A000011124","Household operations, furnishings and equipment","2002=100","17","units","0","v41690917","1.4","130.1","","","","1"
"2024-04","Canada","2016A000011124","Household operations, furnishings and equipment","2002=100","17","units","0","v41690917","1.4","130.4","","","","1"
"2024-05","Canada","2016A000011124","Household operations, furnishings and equipment","2002=100","17","units","0","v41690917","1.4","130.5","","","","1"
"2024-06","Canada","2016A000011124","Household operations, furnishings and equipment","2002=100","17","units","0","v41690917","1.4","130.8","","","","1"
"2024-07","Canada","2016A000011124","Household operations, furnishings and equipment","2002=100","17","units","0","v41690917","1.4","131.5","","","","1"
"2024-08","Canada","2016A000011124","Household operations, furnishings and equipment","2002=100","17","units","0","v41690917","1.4","130.8","","","","1"
"2024-09","Canada","2016A000011124","Household operations, furnishings and equipment","2002=100","17","units","0","v41690917","1.4","130.9","","","","1"
"2024-10","Canada","2016A000011124","Household operations, furnishings and equipment","2002=100","17","units","0","v41690917","1.4","130.9","","","","1"
"2024-11","Canada","2016A000011124","Household operations, furnishings and equipment","2002=100","17","units","0","v41690917","1.4","130.2","","","","1"
"2024-12","Canada","2016A000011124","Household operations, furnishings and equipment","2002=100","17","units","0","v41690917","1.4","129.9","","","","1"
"2023-12","Canada","2016A000011124","Clothing and footwear","2002=100","17","units","0","v41690918","1.5","97.0","","","","1"
"2024-01","Canada","2016A000011124","Clothing and footwear","2002=100","17","units","0","v41690918","1.5","95.3","","","","1"
"2024-02","Canada","2016A000011124","Clothing and footwear","2002=100","17","units","0","v41690918","1.5","93.1","","","","1"
"2024-03","Canada","2016A000011124","Clothing and footwear","2002=100","17","units","0","v41690918","1.5","94.4","","","","1"
"2024-04","Canada","2016A000011124","Clothing and footwear","2002=100","17","units","0","v41690918","1.5","94.2","","","","1"
"2024-05","Canada","2016A000011124","Clothing and footwear","2002=100","17","units","0","v41690918","1.5","93.7","","","","1"
"2024-06","Canada","2016A000011124","Clothing and footwear","2002=100","17","units","0","v41690918","1.5","93.6","","","","1"
"2024-07","Canada","2016A000011124","Clothing and footwear","2002=100","17","units","0","v41690918","1.5","93.6","","","","1"
"2024-08","Canada","2016A000011124","Clothing and footwear","2002=100","17","units","0","v41690918","1.5","92.7","","","","1"
"2024-09","Canada","2016A000011124","Clothing and footwear","2002=100","17","units","0","v41690918","1.5","92.5","","","","1"
"2024-10","Canada","2016A000011124","Clothing and footwear","2002=100","17","units","0","v41690918","1.5","92.8","","","","1"
"2024-11","Canada","2016A000011124","Clothing and footwear","2002=100","17","units","0","v41690918","1.5","92.4","","","","1"
"2024-12","Canada","2016A000011124","Clothing and footwear","2002=100","17","units","0","v41690918","1.5","92.4","","","","1"
"2023-12","Canada","2016A000011124","Transportation","2002=100","17","units","0","v41690919","1.6","172.3","","","","1"
"2024-01","Canada","2016A000011124","Transportation","2002=100","17","units","0","v41690919","1.6","170.9","","","","1"
"2024-02","Canada","2016A000011124","Transportation","2002=100","17","units","0","v41690919","1.6","171.5","","","","1"
"2024-03","Canada","2016A000011124","Transportation","2002=100","17","units","0","v41690919","1.6","172.2","","","","1"
"2024-04","Canada","2016A000011124","Transportation","2002=100","17","units","0","v41690919","1.6","172.8","","","","1"
"2024-05","Canada","2016A000011124","Transportation","2002=100","17","units","0","v41690919","1.6","172.1","","","","1"
"2024-06","Canada","2016A000011124","Transportation","2002=100","17","units","0","v41690919","1.6","171.7","","","","1"
"2024-07","Canada","2016A000011124","Transportation","2002=100","17","units","0","v41690919","1.6","171.9","","","","1"
"2024-08","Canada","2016A000011124","Transportation","2002=100","17","units","0","v41690919","1.6","170.9","","","","1"
"2024-09","Canada","2016A000011124","Transportation","2002=100","17","units","0","v41690919","1.6","170.0","","","","1"
"2024-10","Canada","2016A000011124","Transportation","2002=100","17","units","0","v41690919","1.6","170.7","","","","1"
"2024-11","Canada","2016A000011124","Transportation","2002=100","17","units","0","v41690919","1.6","172.7","","","","1"
"2024-12","Canada","2016A000011124","Transportation","2002=100","17","units","0","v41690919","1.6","175.1","","","","1"
"2023-12","Canada","2016A000011124","Health and personal care","2002=100","17","units","0","v41690920","1.7","147.6","","","","1"
"2024-01","Canada","2016A000011124","Health and personal care","2002=100","17","units","0","v41690920","1.7","148.3","","","","1"
"2024-02","Canada","2016A000011124","Health and personal care","2002=100","17","units","0","v41690920","1.7","148.9","","","","1"
"2024-03","Canada","2016A000011124","Health and personal care","2002=100","17","units","0","v41690920","1.7","149.0","","","","1"
"2024-04","Canada","2016A000011124","Health and personal care","2002=100","17","units","0","v41690920","1.7","149.4","","","","1"
"2024-05","Canada","2016A000011124","Health and personal care","2002=100","17","units","0","v41690920","1.7","150.5","","","","1"
"2024-06","Canada","2016A000011124","Health and personal care","2002=100","17","units","0","v41690920","1.7","150.3","","","","1"
"2024-07","Canada","2016A000011124","Health and personal care","2002=100","17","units","0","v41690920","1.7","150.4","","","","1"
"2024-08","Canada","2016A000011124","Health and personal care","2002=100","17","units","0","v41690920","1.7","150.9","","","","1"
"2024-09","Canada","2016A000011124","Health and personal care","2002=100","17","units","0","v41690920","1.7","151.5","","","","1"
"2024-10","Canada","2016A000011124","Health and personal care","2002=100","17","units","0","v41690920","1.7","151.8","","","","1"
"2024-11","Canada","2016A000011124","Health and personal care","2002=100","17","units","0","v41690920","1.7","151.7","","","","1"
"2024-12","Canada","2016A000011124","Health and personal care","2002=100","17","units","0","v41690920","1.7","152.3","","","","1"
"2023-12","Canada","2016A000011124","Recreation, education and reading","2002=100","17","units","0","v41690921","1.8","126.7","","","","1"
"2024-01","Canada","2016A000011124","Recreation, education and reading","2002=100","17","units","0","v41690921","1.8","125.9","","","","1"
"2024-02","Canada","2016A000011124","Recreation, education and reading","2002=100","17","units","0","v41690921","1.8","126.6","","","","1"
"2024-03","Canada","2016A000011124","Recreation, education and reading","2002=100","17","units","0","v41690921","1.8","127.2","","","","1"
"2024-04","Canada","2016A000011124","Recreation, education and reading","2002=100","17","units","0","v41690921","1.8","127.2","","","","1"
"2024-05","Canada","2016A000011124","Recreation, education and reading","2002=100","17","units","0","v41690921","1.8","127.7","","","","1"
"2024-06","Canada","2016A000011124","Recreation, education and reading","2002=100","17","units","0","v41690921","1.8","126.8","","","","1"
"2024-07","Canada","2016A000011124","Recreation, education and reading","2002=100","17","units","0","v41690921","1.8","126.5","","","","1"
"2024-08","Canada","2016A000011124","Recreation, education and reading","2002=100","17","units","0","v41690921","1.8","126.7","","","","1"
"2024-09","Canada","2016A000011124","Recreation, education and reading","2002=100","17","units","0","v41690921","1.8","126.7","","","","1"
"2024-10","Canada","2016A000011124","Recreation, education and reading","2002=100","17","units","0","v41690921","1.8","126.8","","","","1"
"2024-11","Canada","2016A000011124","Recreation, education and reading","2002=100","17","units","0","v41690921","1.8","127.9","","","","1"
"2024-12","Canada","2016A000011124","Recreation, education and reading","2002=100","17","units","0","v41690921","1.8","128.7","","","","1"
"2023-12","Canada","2016A000011124","Alcoholic beverages, tobacco products and recreational cannabis","2002=100","17","units","0","v41690922","1.9","193.6","","","","1"
"2024-01","Canada","2016A000011124","Alcoholic beverages, tobacco products and recreational cannabis","2002=100","17","units","0","v41690922","1.9","194.2","","","","1"
"2024-02","Canada","2016A000011124","Alcoholic beverages, tobacco products and recreational cannabis","2002=100","17","units","0","v41690922","1.9","194.2","","","","1"
"2024-03","Canada","2016A000011124","Alcoholic beverages, tobacco products and recreational cannabis","2002=100","17","units","0","v41690922","1.9","194.7","","","","1"
"2024-04","Canada","2016A000011124","Alcoholic beverages, tobacco products and recreational cannabis","2002=100","17","units","0","v41690922","1.9","195.5","","","","1"
"2024-05","Canada","2016A000011124","Alcoholic beverages, tobacco products and recreational cannabis","2002=100","17","units","0","v41690922","1.9","195.8","","","","1"
"2024-06","Canada","2016A000011124","Alcoholic beverages, tobacco products and recreational cannabis","2002=100","17","units","0","v41690922","1.9","196.2","","","","1"
"2024-07","Canada","2016A000011124","Alcoholic beverages, tobacco products and recreational cannabis","2002=100","17","units","0","v41690922","1.9","196.3","","","","1"
"2024-08","Canada","2016A000011124","Alcoholic beverages, tobacco products and recreational cannabis","2002=100","17","units","0","v41690922","1.9","197.5","","","","1"
"2024-09","Canada","2016A000011124","Alcoholic beverages, tobacco products and recreational cannabis","2002=100","17","units","0","v41690922","1.9","198.0","","","","1"
"2024-10","Canada","2016A000011124","Alcoholic beverages, tobacco products and recreational cannabis","2002=100","17","units","0","v41690922","1.9","198.3","","","","1"
"2024-11","Canada","2016A000011124","Alcoholic beverages, tobacco products and recreational cannabis","2002=100","17","units","0","v41690922","1.9","198.5","","","","1"
"2024-12","Canada","2016A000011124","Alcoholic beverages, tobacco products and recreational cannabis","2002=100","17","units","0","v41690922","1.9","194.9","","","","1"
"2023-12","Canada","2016A000011124","All-items excluding food","2002=100","17","units","0","v41690923","1.10","154.4","","","","1"
"2024-01","Canada","2016A000011124","All-items excluding food","2002=100","17","units","0","v41690923","1.10","154.2","","","","1"
"2024-02","Canada","2016A000011124","All-items excluding food","2002=100","17","units","0","v41690923","1.10","154.4","","","","1"
"2024-03","Canada","2016A000011124","All-items excluding food","2002=100","17","units","0","v41690923","1.10","154.8","","","","1"
"2024-04","Canada","2016A000011124","All-items excluding food","2002=100","17","units","0","v41690923","1.10","155.2","","","","1"
"2024-05","Canada","2016A000011124","All-items excluding food","2002=100","17","units","0","v41690923","1.10","155.5","","","","1"
"2024-06","Canada","2016A000011124","All-items excluding food","2002=100","17","units","0","v41690923","1.10","155.6","","","","1"
"2024-07","Canada","2016A000011124","All-items excluding food","2002=100","17","units","0","v41690923","1.10","156.0","","","","1"
"2024-08","Canada","2016A000011124","All-items excluding food","2002=100","17","units","0","v41690923","1.10","156.0","","","","1"
"2024-09","Canada","2016A000011124","All-items excluding food","2002=100","17","units","0","v41690923","1.10","155.9","","","","1"
"2024-10","Canada","2016A000011124","All-items excluding food","2002=100","17","units","0","v41690923","1.10","156.3","","","","1"
"2024-11","Canada","2016A000011124","All-items excluding food","2002=100","17","units","0","v41690923","1.10","156.7","","","","1"
"2024-12","Canada","2016A000011124","All-items excluding food","2002=100","17","units","0","v41690923","1.10","157.5","","","","1"
"2023-12","Canada","2016A000011124","All-items excluding food and energy","2002=100","17","units","0","v41690924","1.11","149.5","","","","1"
"2024-01","Canada","2016A000011124","All-items excluding food and energy","2002=100","17","units","0","v41690924","1.11","149.6","","","","1"
"2024-02","Canada","2016A000011124","All-items excluding food and energy","2002=100","17","units","0","v41690924","1.11","149.8","","","","1"
"2024-03","Canada","2016A000011124","All-items excluding food and energy","2002=100","17","units","0","v41690924","1.11","150.1","","","","1"
"2024-04","Canada","2016A000011124","All-items excluding food and energy","2002=100","17","units","0","v41690924","1.11","150.4","","","","1"
"2024-05","Canada","2016A000011124","All-items excluding food and energy","2002=100","17","units","0","v41690924","1.11","150.9","","","","1"
"2024-06","Canada","2016A000011124","All-items excluding food and energy","2002=100","17","units","0","v41690924","1.11","151.2","","","","1"
"2024-07","Canada","2016A000011124","All-items excluding food and energy","2002=100","17","units","0","v41690924","1.11","151.4","","","","1"
"2024-08","Canada","2016A000011124","All-items excluding food and energy","2002=100","17","units","0","v41690924","1.11","151.5","","","","1"
"2024-09","Canada","2016A000011124","All-items excluding food and energy","2002=100","17","units","0","v41690924","1.11","151.8","","","","1"
"2024-10","Canada","2016A000011124","All-items excluding food and energy","2002=100","17","units","0","v41690924","1.11","152.1","","","","1"
"2024-11","Canada","2016A000011124","All-items excluding food and energy","2002=100","17","units","0","v41690924","1.11","152.3","","","","1"
"2024-12","Canada","2016A000011124","All-items excluding food and energy","2002=100","17","units","0","v41690924","1.11","152.7","","","","1"


